{
    "MAE": 0.10076564003232331,
    "RMSE": 0.14220332534992872,
    "R2": 0.9861944578965312
}