{
    "MAE": 0.12447325230350724,
    "RMSE": 0.20601241258456351,
    "R2": 0.9214033828794745
}