{
    "MAE": 0.10793934302239949,
    "RMSE": 0.17137885594608926,
    "R2": 0.8790476822012612
}