{
    "MAE": 0.28518707350060585,
    "RMSE": 0.4246140304274112,
    "R2": 0.7861278697124079
}