{
    "MAE": 0.16252635616526295,
    "RMSE": 0.20562596992913434,
    "R2": 0.9128261306536937
}