{
    "MAE": 0.45148067846277273,
    "RMSE": 1.1219381477325747,
    "R2": 0.8791690634208157
}