{
    "MAE": 0.11273762843083565,
    "RMSE": 0.17767292778932683,
    "R2": 0.9442534277532776
}