{
    "MAE": 0.19783785717303992,
    "RMSE": 0.3559954589626583,
    "R2": 0.7468294633884153
}