{
    "MAE": 0.053357904470542096,
    "RMSE": 0.11481845350247237,
    "R2": 0.9746179333550373
}