{
    "MAE": 0.10369343435629183,
    "RMSE": 0.1473945501405231,
    "R2": 0.9772601767679128
}