{
    "MAE": 0.096842539243014,
    "RMSE": 0.14236285035961832,
    "R2": 0.958980707463865
}