{
    "MAE": 0.09992333898866815,
    "RMSE": 0.17763329306866027,
    "R2": 0.9771526273760781
}