{
    "MAE": 0.04229926365199155,
    "RMSE": 0.060829669089175774,
    "R2": 0.9914694536748226
}