{
    "MAE": 0.13459002954504523,
    "RMSE": 0.21702859709789438,
    "R2": 0.8290716985049826
}