{
    "MAE": 0.05306600525663573,
    "RMSE": 0.0802840028364471,
    "R2": 0.994312225622652
}