{
    "MAE": 0.11704294636237988,
    "RMSE": 0.1972996255235182,
    "R2": 0.9780448580831436
}