{
    "MAE": 0.12398843403442132,
    "RMSE": 0.16634424650681973,
    "R2": 0.9502992810430105
}