{
    "MAE": 0.11479753028343458,
    "RMSE": 0.1749448312284182,
    "R2": 0.978278293480624
}