{
    "MAE": 0.08304208767840543,
    "RMSE": 0.15136102853210637,
    "R2": 0.9313881078321729
}