{
    "MAE": 0.10876641764568518,
    "RMSE": 0.15103064385970114,
    "R2": 0.9516172238512988
}