{
    "MAE": 0.11073932709145523,
    "RMSE": 0.17091268358785203,
    "R2": 0.8970934950262207
}