{
    "MAE": 0.17688416134980656,
    "RMSE": 0.23856418356417938,
    "R2": 0.9619840202213579
}