{
    "MAE": 0.15357282906195216,
    "RMSE": 0.24326479010615928,
    "R2": 0.9610932623643919
}