{
    "MAE": 0.14291645551113435,
    "RMSE": 0.22561251373067345,
    "R2": 0.8578716157224388
}