{
    "MAE": 0.10793418672577566,
    "RMSE": 0.25686620438438457,
    "R2": 0.8390052223411008
}