{
    "MAE": 0.09721294551076157,
    "RMSE": 0.19180319324205866,
    "R2": 0.934342511920516
}