{
    "MAE": 0.10288312227049552,
    "RMSE": 0.1577028879802563,
    "R2": 0.8947699707764046
}