{
    "MAE": 0.10600015257392056,
    "RMSE": 0.22408912620220647,
    "R2": 0.850115813517517
}