{
    "MAE": 0.12430215945104267,
    "RMSE": 0.19448093433135613,
    "R2": 0.9029052018316128
}