{
    "MAE": 0.10150894915395803,
    "RMSE": 0.15226090765805086,
    "R2": 0.9867909259130225
}