{
    "MAE": 0.08635595044030259,
    "RMSE": 0.12407584993853259,
    "R2": 0.9913123486579103
}