{
    "MAE": 0.1090848805969956,
    "RMSE": 0.1737410215815296,
    "R2": 0.9355303694537115
}