{
    "MAE": 0.08778757545877867,
    "RMSE": 0.1377402340213752,
    "R2": 0.9638876924995712
}