{
    "MAE": 0.1283663391324304,
    "RMSE": 0.27686500319026286,
    "R2": 0.9214693171537108
}