{
    "MAE": 0.19829580993550272,
    "RMSE": 0.3309312145971507,
    "R2": 0.9216144570994776
}