{
    "MAE": 0.1112821802643133,
    "RMSE": 0.20726601519019777,
    "R2": 0.9069196772273038
}