{
    "MAE": 0.07531139873388348,
    "RMSE": 0.12692303283399692,
    "R2": 0.9523454999318864
}