{
    "MAE": 0.05986135614086431,
    "RMSE": 0.08767672302569751,
    "R2": 0.9616281130497393
}