{
    "MAE": 0.13223382940906542,
    "RMSE": 0.18833831669169976,
    "R2": 0.987288467254033
}