{
    "MAE": 0.13135249149516207,
    "RMSE": 0.1931449423494433,
    "R2": 0.8795479205904109
}