{
    "MAE": 0.14036910733826044,
    "RMSE": 0.22778462255007456,
    "R2": 0.8479829678325708
}