{
    "MAE": 0.1859085057207726,
    "RMSE": 0.28676562768640773,
    "R2": 0.9606993509006685
}