{
    "MAE": 0.5999264155222234,
    "RMSE": 0.695727262632732,
    "R2": 0.2221930407989794
}