dep_time_str,Predicted_dep_delay_min,cumulative_baseline,cumulative_plus10,cumulative_plus30
-1:-48,0.213485471750556,0.213485471750556,0.2348340189256116,0.2775311132757228
-1:-8,0.07888252874439976,0.29236800049495576,0.32160480054445134,0.38007840064344245
00:-15,0.0,0.29236800049495576,0.32160480054445134,0.38007840064344245
00:-28,0.0,0.29236800049495576,0.32160480054445134,0.38007840064344245
00:-55,0.0,0.29236800049495576,0.32160480054445134,0.38007840064344245
00:24,0.593425512500233,0.8857935129951888,0.9743728642947076,1.1515315668937454
00:37,0.8323266296647787,1.7181201426599675,1.8899321569259642,2.2335561854579575
01:18,0.5464215020833838,2.2645416447433515,2.4909958092176865,2.9439041381663564
01:31,0.0,2.2645416447433515,2.4909958092176865,2.9439041381663564
