{
    "MAE": 0.07321822192407525,
    "RMSE": 0.10184316837618435,
    "R2": 0.9894130985520925
}