{
    "MAE": 0.1605065785913538,
    "RMSE": 0.2425284480322061,
    "R2": 0.9045324806775169
}