{
    "MAE": 0.052798610263488546,
    "RMSE": 0.11696786793265666,
    "R2": 0.9554564395152425
}