{
    "MAE": 0.08954380828754141,
    "RMSE": 0.13655677773191716,
    "R2": 0.9614764394250963
}