{
    "MAE": 0.03513706439904316,
    "RMSE": 0.04649225846561725,
    "R2": 0.9945535508290728
}