{
    "MAE": 0.12864820367872234,
    "RMSE": 0.18532086006088339,
    "R2": 0.9161335670999166
}