{
    "MAE": 0.12708105027814043,
    "RMSE": 0.19559279037252766,
    "R2": 0.8831915022547914
}