{
    "MAE": 0.1035869798696673,
    "RMSE": 0.14415046312937044,
    "R2": 0.955158189962988
}