{
    "MAE": 0.1663003718006459,
    "RMSE": 0.2678144925036546,
    "R2": 0.9518398519796586
}