{
    "MAE": 0.08467916091404634,
    "RMSE": 0.12671822172866268,
    "R2": 0.8889739784382604
}