{
    "MAE": 0.1384135493451968,
    "RMSE": 0.19436189571064397,
    "R2": 0.8267393347834447
}