{
    "MAE": 0.10333580139630091,
    "RMSE": 0.17613192785058313,
    "R2": 0.853631164774514
}