{
    "MAE": 0.0952258826997901,
    "RMSE": 0.1448462762720464,
    "R2": 0.9491433191854536
}