{
    "MAE": 0.1650684494370006,
    "RMSE": 0.23972487268306392,
    "R2": 0.9041196239181778
}