{
    "MAE": 0.15584702262734754,
    "RMSE": 0.21496544745336152,
    "R2": 0.8582986135247168
}