{
    "MAE": 0.1118778207682136,
    "RMSE": 0.18323950520817828,
    "R2": 0.9522887597940887
}