{
    "MAE": 0.11173214459273036,
    "RMSE": 0.22583015914174037,
    "R2": 0.8284994851674015
}