{
    "MAE": 0.14091319877471276,
    "RMSE": 0.22916440360986348,
    "R2": 0.9617968992038082
}