{
    "MAE": 0.20555662637202762,
    "RMSE": 0.24122815337337886,
    "R2": 0.8137795660889462
}