dep_time_str,Predicted_dep_delay_min,cumulative_baseline,cumulative_plus10,cumulative_plus30
-1:-8,0.0,0.0,0.0,0.0
00:-15,0.1144882657627917,0.1144882657627917,0.12593709233907088,0.1488347454916292
00:-28,0.0,0.1144882657627917,0.12593709233907088,0.1488347454916292
00:-55,0.0,0.1144882657627917,0.12593709233907088,0.1488347454916292
00:24,0.6528220388394296,0.7673103046022213,0.8440413350624435,0.9975033959828877
00:37,0.21434120757364117,0.9816515121758624,1.0798166633934487,1.2761469658286213
01:18,0.054622059918011084,1.0362735720938736,1.139900929303261,1.3471556437220358
01:31,0.7977420275048546,1.8340155995987282,2.017417159558601,2.3842202794783467
01:58,0.0,1.8340155995987282,2.017417159558601,2.3842202794783467
