{
    "MAE": 0.19373187459032892,
    "RMSE": 0.43008470901373874,
    "R2": 0.8767547035095884
}