{
    "MAE": 0.16408315547385544,
    "RMSE": 0.2587618202202792,
    "R2": 0.9636289953657241
}