{
    "MAE": 0.14602356596400298,
    "RMSE": 0.22651266856120478,
    "R2": 0.8647371391578415
}