{
    "MAE": 0.14109827714122475,
    "RMSE": 0.20123209400930692,
    "R2": 0.9786849726553445
}