{
    "MAE": 0.06336035609194139,
    "RMSE": 0.07890545672269336,
    "R2": 0.980406355085168
}