{
    "MAE": 0.16306641225158666,
    "RMSE": 0.23580615094611243,
    "R2": 0.9762094540267192
}